Time,Commit,File,Insertions,Deletions

2021-07-27 08:27:10+02:00,CIS-149119: create pipeline_local.cfg with default list of Maven goals.,pipeline_local.cfg,2,0

2021-10-15 16:13:28+01:00,"NO-JIRA create demo.txt

Change-Id: I1e4da24a8d881aa85d1826c8e71400759730ce0b",demo.txt,0,0

2021-10-15 16:33:27+01:00,"NO-JIRA Line1 added to demo and added line 2 for Gan
Change-Id: I9ffa934b7105cab6aec66d32f09e5c71845079b6",demo.txt,2,0

2021-10-15 16:39:49+01:00,"NO-JIRA added line 3

Change-Id: Idc605705cbbaedb9426caf9d9573f394c8ac0ff8",demo.txt,2,1

2021-10-15 17:00:29+01:00,"NO-JIRA added line 4

Change-Id: Ife6369b8da49dd2cc0f537f77d8490c1cdd0196c",demo.txt,2,1

2021-10-15 17:02:59+01:00,"NO-JIRA added line 5

Change-Id: I77a7ab504d730a190ca70e06af2f78edbd9db7af",demo.txt,2,1

2021-10-15 17:11:00+01:00,"Delete demo

Change-Id: I9acf462390856f3dae177cccce0e2af4dfc862ac",demo.txt,0,5

2021-10-18 10:53:06+01:00,"Creating the java directory with spring

Change-Id: I66cb92b08926a0eccfea213b2422a65c2ac87a02",.gitignore,712,0

2021-10-18 10:53:06+01:00,"Creating the java directory with spring

Change-Id: I66cb92b08926a0eccfea213b2422a65c2ac87a02",MavenWrapperDownloader.java,712,0

2021-10-18 10:53:06+01:00,"Creating the java directory with spring

Change-Id: I66cb92b08926a0eccfea213b2422a65c2ac87a02",maven-wrapper.jar,712,0

2021-10-18 10:53:06+01:00,"Creating the java directory with spring

Change-Id: I66cb92b08926a0eccfea213b2422a65c2ac87a02",maven-wrapper.properties,712,0

2021-10-18 10:53:06+01:00,"Creating the java directory with spring

Change-Id: I66cb92b08926a0eccfea213b2422a65c2ac87a02",mvnw,712,0

2021-10-18 10:53:06+01:00,"Creating the java directory with spring

Change-Id: I66cb92b08926a0eccfea213b2422a65c2ac87a02",mvnw.cmd,712,0

2021-10-18 10:53:06+01:00,"Creating the java directory with spring

Change-Id: I66cb92b08926a0eccfea213b2422a65c2ac87a02",pom.xml,712,0

2021-10-18 10:53:06+01:00,"Creating the java directory with spring

Change-Id: I66cb92b08926a0eccfea213b2422a65c2ac87a02",DemoApplication.java,712,0

2021-10-18 10:53:06+01:00,"Creating the java directory with spring

Change-Id: I66cb92b08926a0eccfea213b2422a65c2ac87a02",application.properties,712,0

2021-10-18 10:53:06+01:00,"Creating the java directory with spring

Change-Id: I66cb92b08926a0eccfea213b2422a65c2ac87a02",DemoApplicationTests.java,712,0

2021-10-18 11:02:25+01:00,"Add jacoco plugin into the pom file

Change-Id: I4a2c60b3e52662066d3cdc45ae6177f4a4f95510",pom.xml,6,0

2021-10-18 11:06:53+01:00,"Modified the pom file for better Jacoco and Junit dependency

Change-Id: I041a2ce4096079b36b921c52a82614f076fd944a",pom.xml,26,1

2021-10-18 14:01:50+01:00,"NO-JIRA added docker support

Change-Id: Ic9c55e13c9dddc3336002378f455157837c146fc",.gitignore,28,0

2021-10-18 14:01:50+01:00,"NO-JIRA added docker support

Change-Id: Ic9c55e13c9dddc3336002378f455157837c146fc",misc.xml,28,0

2021-10-18 14:01:50+01:00,"NO-JIRA added docker support

Change-Id: Ic9c55e13c9dddc3336002378f455157837c146fc",runConfigurations.xml,28,0

2021-10-18 14:01:50+01:00,"NO-JIRA added docker support

Change-Id: Ic9c55e13c9dddc3336002378f455157837c146fc",vcs.xml,28,0

2021-10-18 14:01:50+01:00,"NO-JIRA added docker support

Change-Id: Ic9c55e13c9dddc3336002378f455157837c146fc",Dockerfile,28,0

2021-10-18 21:51:26+01:00,"EAC-1460-JIRA Saving code for the day. csv file converter.

Change-Id: Iceab1b59618c0969bb8abd50dbf2518d0e8dea43",info.csv,369,2

2021-10-18 21:51:26+01:00,"EAC-1460-JIRA Saving code for the day. csv file converter.

Change-Id: Iceab1b59618c0969bb8abd50dbf2518d0e8dea43",pom.xml,369,2

2021-10-18 21:51:26+01:00,"EAC-1460-JIRA Saving code for the day. csv file converter.

Change-Id: Iceab1b59618c0969bb8abd50dbf2518d0e8dea43",Commit.java,369,2

2021-10-18 21:51:26+01:00,"EAC-1460-JIRA Saving code for the day. csv file converter.

Change-Id: Iceab1b59618c0969bb8abd50dbf2518d0e8dea43",CommitRepository.java,369,2

2021-10-18 21:51:26+01:00,"EAC-1460-JIRA Saving code for the day. csv file converter.

Change-Id: Iceab1b59618c0969bb8abd50dbf2518d0e8dea43",CommitRepositoryImpl.java,369,2

2021-10-18 21:51:26+01:00,"EAC-1460-JIRA Saving code for the day. csv file converter.

Change-Id: Iceab1b59618c0969bb8abd50dbf2518d0e8dea43",CsvConverter.java,369,2

2021-10-18 21:51:26+01:00,"EAC-1460-JIRA Saving code for the day. csv file converter.

Change-Id: Iceab1b59618c0969bb8abd50dbf2518d0e8dea43",DemoApplication.java,369,2

2021-10-18 21:51:26+01:00,"EAC-1460-JIRA Saving code for the day. csv file converter.

Change-Id: Iceab1b59618c0969bb8abd50dbf2518d0e8dea43",ResourcesBean.java,369,2

2021-10-18 21:51:26+01:00,"EAC-1460-JIRA Saving code for the day. csv file converter.

Change-Id: Iceab1b59618c0969bb8abd50dbf2518d0e8dea43",application.properties,369,2

2021-10-18 21:51:26+01:00,"EAC-1460-JIRA Saving code for the day. csv file converter.

Change-Id: Iceab1b59618c0969bb8abd50dbf2518d0e8dea43",application.yml,369,2

2021-10-18 21:51:26+01:00,"EAC-1460-JIRA Saving code for the day. csv file converter.

Change-Id: Iceab1b59618c0969bb8abd50dbf2518d0e8dea43",CsvConverterTest.java,369,2

2021-10-18 21:51:26+01:00,"EAC-1460-JIRA Saving code for the day. csv file converter.

Change-Id: Iceab1b59618c0969bb8abd50dbf2518d0e8dea43",test.txt,369,2

2021-10-19 10:51:05+01:00,"EAC-1460-JIRA update for the converter with working converter

Change-Id: I6e513ba6e655a0a9bceb7fd20c029d3bed575f58",info.csv,103,56

2021-10-19 10:51:05+01:00,"EAC-1460-JIRA update for the converter with working converter

Change-Id: I6e513ba6e655a0a9bceb7fd20c029d3bed575f58",Commit.java,103,56

2021-10-19 10:51:05+01:00,"EAC-1460-JIRA update for the converter with working converter

Change-Id: I6e513ba6e655a0a9bceb7fd20c029d3bed575f58",CommitRepository.java,103,56

2021-10-19 10:51:05+01:00,"EAC-1460-JIRA update for the converter with working converter

Change-Id: I6e513ba6e655a0a9bceb7fd20c029d3bed575f58",CommitRepositoryImpl.java,103,56

2021-10-19 10:51:05+01:00,"EAC-1460-JIRA update for the converter with working converter

Change-Id: I6e513ba6e655a0a9bceb7fd20c029d3bed575f58",CsvConverter.java,103,56

2021-10-19 10:51:05+01:00,"EAC-1460-JIRA update for the converter with working converter

Change-Id: I6e513ba6e655a0a9bceb7fd20c029d3bed575f58",DemoApplication.java,103,56

2021-10-19 10:51:05+01:00,"EAC-1460-JIRA update for the converter with working converter

Change-Id: I6e513ba6e655a0a9bceb7fd20c029d3bed575f58",ResourcesBean.java,103,56

2021-10-19 10:51:05+01:00,"EAC-1460-JIRA update for the converter with working converter

Change-Id: I6e513ba6e655a0a9bceb7fd20c029d3bed575f58",CsvConverterTest.java,103,56

2021-10-19 10:51:05+01:00,"EAC-1460-JIRA update for the converter with working converter

Change-Id: I6e513ba6e655a0a9bceb7fd20c029d3bed575f58",DemoApplicationTests.java,103,56

2021-10-20 10:47:15+01:00,"EAC-1476-JIRA EAC-1484-JIRA JUNIT tests and improvement to the code

Change-Id: I71f149fae1bb526e147fb2c373af0ec8a82bdfc8",.gitignore,2978,120

2021-10-20 10:47:15+01:00,"EAC-1476-JIRA EAC-1484-JIRA JUNIT tests and improvement to the code

Change-Id: I71f149fae1bb526e147fb2c373af0ec8a82bdfc8",.gitignore,2978,120

2021-10-20 10:47:15+01:00,"EAC-1476-JIRA EAC-1484-JIRA JUNIT tests and improvement to the code

Change-Id: I71f149fae1bb526e147fb2c373af0ec8a82bdfc8",.name,2978,120

2021-10-20 10:47:15+01:00,"EAC-1476-JIRA EAC-1484-JIRA JUNIT tests and improvement to the code

Change-Id: I71f149fae1bb526e147fb2c373af0ec8a82bdfc8",compiler.xml,2978,120

2021-10-20 10:47:15+01:00,"EAC-1476-JIRA EAC-1484-JIRA JUNIT tests and improvement to the code

Change-Id: I71f149fae1bb526e147fb2c373af0ec8a82bdfc8",encodings.xml,2978,120

2021-10-20 10:47:15+01:00,"EAC-1476-JIRA EAC-1484-JIRA JUNIT tests and improvement to the code

Change-Id: I71f149fae1bb526e147fb2c373af0ec8a82bdfc8",jarRepositories.xml,2978,120

2021-10-20 10:47:15+01:00,"EAC-1476-JIRA EAC-1484-JIRA JUNIT tests and improvement to the code

Change-Id: I71f149fae1bb526e147fb2c373af0ec8a82bdfc8",javacode.iml,2978,120

2021-10-20 10:47:15+01:00,"EAC-1476-JIRA EAC-1484-JIRA JUNIT tests and improvement to the code

Change-Id: I71f149fae1bb526e147fb2c373af0ec8a82bdfc8",jpa-buddy.xml,2978,120

2021-10-20 10:47:15+01:00,"EAC-1476-JIRA EAC-1484-JIRA JUNIT tests and improvement to the code

Change-Id: I71f149fae1bb526e147fb2c373af0ec8a82bdfc8",misc.xml,2978,120

2021-10-20 10:47:15+01:00,"EAC-1476-JIRA EAC-1484-JIRA JUNIT tests and improvement to the code

Change-Id: I71f149fae1bb526e147fb2c373af0ec8a82bdfc8",modules.xml,2978,120

2021-10-20 10:47:15+01:00,"EAC-1476-JIRA EAC-1484-JIRA JUNIT tests and improvement to the code

Change-Id: I71f149fae1bb526e147fb2c373af0ec8a82bdfc8",runConfigurations.xml,2978,120

2021-10-20 10:47:15+01:00,"EAC-1476-JIRA EAC-1484-JIRA JUNIT tests and improvement to the code

Change-Id: I71f149fae1bb526e147fb2c373af0ec8a82bdfc8",vcs.xml,2978,120

2021-10-20 10:47:15+01:00,"EAC-1476-JIRA EAC-1484-JIRA JUNIT tests and improvement to the code

Change-Id: I71f149fae1bb526e147fb2c373af0ec8a82bdfc8",Commit.java,2978,120

2021-10-20 10:47:15+01:00,"EAC-1476-JIRA EAC-1484-JIRA JUNIT tests and improvement to the code

Change-Id: I71f149fae1bb526e147fb2c373af0ec8a82bdfc8",CsvConverter.java,2978,120

2021-10-20 10:47:15+01:00,"EAC-1476-JIRA EAC-1484-JIRA JUNIT tests and improvement to the code

Change-Id: I71f149fae1bb526e147fb2c373af0ec8a82bdfc8",DemoApplication.java,2978,120

2021-10-20 10:47:15+01:00,"EAC-1476-JIRA EAC-1484-JIRA JUNIT tests and improvement to the code

Change-Id: I71f149fae1bb526e147fb2c373af0ec8a82bdfc8",ResourcesBean.java,2978,120

2021-10-20 10:47:15+01:00,"EAC-1476-JIRA EAC-1484-JIRA JUNIT tests and improvement to the code

Change-Id: I71f149fae1bb526e147fb2c373af0ec8a82bdfc8",CommitRepositoryTest.java,2978,120

2021-10-20 10:47:15+01:00,"EAC-1476-JIRA EAC-1484-JIRA JUNIT tests and improvement to the code

Change-Id: I71f149fae1bb526e147fb2c373af0ec8a82bdfc8",CommitTest.java,2978,120

2021-10-20 10:47:15+01:00,"EAC-1476-JIRA EAC-1484-JIRA JUNIT tests and improvement to the code

Change-Id: I71f149fae1bb526e147fb2c373af0ec8a82bdfc8",CsvConverterTest.java,2978,120

2021-10-20 10:47:15+01:00,"EAC-1476-JIRA EAC-1484-JIRA JUNIT tests and improvement to the code

Change-Id: I71f149fae1bb526e147fb2c373af0ec8a82bdfc8",application.properties,2978,120

2021-10-20 10:47:15+01:00,"EAC-1476-JIRA EAC-1484-JIRA JUNIT tests and improvement to the code

Change-Id: I71f149fae1bb526e147fb2c373af0ec8a82bdfc8",application.yml,2978,120

2021-10-20 10:47:15+01:00,"EAC-1476-JIRA EAC-1484-JIRA JUNIT tests and improvement to the code

Change-Id: I71f149fae1bb526e147fb2c373af0ec8a82bdfc8",Commit.class,2978,120

2021-10-20 10:47:15+01:00,"EAC-1476-JIRA EAC-1484-JIRA JUNIT tests and improvement to the code

Change-Id: I71f149fae1bb526e147fb2c373af0ec8a82bdfc8",CommitRepository.class,2978,120

2021-10-20 10:47:15+01:00,"EAC-1476-JIRA EAC-1484-JIRA JUNIT tests and improvement to the code

Change-Id: I71f149fae1bb526e147fb2c373af0ec8a82bdfc8",CommitRepositoryImpl.class,2978,120

2021-10-20 10:47:15+01:00,"EAC-1476-JIRA EAC-1484-JIRA JUNIT tests and improvement to the code

Change-Id: I71f149fae1bb526e147fb2c373af0ec8a82bdfc8",CsvConverter.class,2978,120

2021-10-20 10:47:15+01:00,"EAC-1476-JIRA EAC-1484-JIRA JUNIT tests and improvement to the code

Change-Id: I71f149fae1bb526e147fb2c373af0ec8a82bdfc8",DemoApplication.class,2978,120

2021-10-20 10:47:15+01:00,"EAC-1476-JIRA EAC-1484-JIRA JUNIT tests and improvement to the code

Change-Id: I71f149fae1bb526e147fb2c373af0ec8a82bdfc8",Commit.html,2978,120

2021-10-20 10:47:15+01:00,"EAC-1476-JIRA EAC-1484-JIRA JUNIT tests and improvement to the code

Change-Id: I71f149fae1bb526e147fb2c373af0ec8a82bdfc8",Commit.java.html,2978,120

2021-10-20 10:47:15+01:00,"EAC-1476-JIRA EAC-1484-JIRA JUNIT tests and improvement to the code

Change-Id: I71f149fae1bb526e147fb2c373af0ec8a82bdfc8",CommitRepositoryImpl.html,2978,120

2021-10-20 10:47:15+01:00,"EAC-1476-JIRA EAC-1484-JIRA JUNIT tests and improvement to the code

Change-Id: I71f149fae1bb526e147fb2c373af0ec8a82bdfc8",CommitRepositoryImpl.java.html,2978,120

2021-10-20 10:47:15+01:00,"EAC-1476-JIRA EAC-1484-JIRA JUNIT tests and improvement to the code

Change-Id: I71f149fae1bb526e147fb2c373af0ec8a82bdfc8",CsvConverter.html,2978,120

2021-10-20 10:47:15+01:00,"EAC-1476-JIRA EAC-1484-JIRA JUNIT tests and improvement to the code

Change-Id: I71f149fae1bb526e147fb2c373af0ec8a82bdfc8",CsvConverter.java.html,2978,120

2021-10-20 10:47:15+01:00,"EAC-1476-JIRA EAC-1484-JIRA JUNIT tests and improvement to the code

Change-Id: I71f149fae1bb526e147fb2c373af0ec8a82bdfc8",DemoApplication.html,2978,120

2021-10-20 10:47:15+01:00,"EAC-1476-JIRA EAC-1484-JIRA JUNIT tests and improvement to the code

Change-Id: I71f149fae1bb526e147fb2c373af0ec8a82bdfc8",DemoApplication.java.html,2978,120

2021-10-20 10:47:15+01:00,"EAC-1476-JIRA EAC-1484-JIRA JUNIT tests and improvement to the code

Change-Id: I71f149fae1bb526e147fb2c373af0ec8a82bdfc8",index.html,2978,120

2021-10-20 10:47:15+01:00,"EAC-1476-JIRA EAC-1484-JIRA JUNIT tests and improvement to the code

Change-Id: I71f149fae1bb526e147fb2c373af0ec8a82bdfc8",index.source.html,2978,120

2021-10-20 10:47:15+01:00,"EAC-1476-JIRA EAC-1484-JIRA JUNIT tests and improvement to the code

Change-Id: I71f149fae1bb526e147fb2c373af0ec8a82bdfc8",index.html,2978,120

2021-10-20 10:47:15+01:00,"EAC-1476-JIRA EAC-1484-JIRA JUNIT tests and improvement to the code

Change-Id: I71f149fae1bb526e147fb2c373af0ec8a82bdfc8",branchfc.gif,2978,120

2021-10-20 10:47:15+01:00,"EAC-1476-JIRA EAC-1484-JIRA JUNIT tests and improvement to the code

Change-Id: I71f149fae1bb526e147fb2c373af0ec8a82bdfc8",branchnc.gif,2978,120

2021-10-20 10:47:15+01:00,"EAC-1476-JIRA EAC-1484-JIRA JUNIT tests and improvement to the code

Change-Id: I71f149fae1bb526e147fb2c373af0ec8a82bdfc8",branchpc.gif,2978,120

2021-10-20 10:47:15+01:00,"EAC-1476-JIRA EAC-1484-JIRA JUNIT tests and improvement to the code

Change-Id: I71f149fae1bb526e147fb2c373af0ec8a82bdfc8",bundle.gif,2978,120

2021-10-20 10:47:15+01:00,"EAC-1476-JIRA EAC-1484-JIRA JUNIT tests and improvement to the code

Change-Id: I71f149fae1bb526e147fb2c373af0ec8a82bdfc8",class.gif,2978,120

2021-10-20 10:47:15+01:00,"EAC-1476-JIRA EAC-1484-JIRA JUNIT tests and improvement to the code

Change-Id: I71f149fae1bb526e147fb2c373af0ec8a82bdfc8",down.gif,2978,120

2021-10-20 10:47:15+01:00,"EAC-1476-JIRA EAC-1484-JIRA JUNIT tests and improvement to the code

Change-Id: I71f149fae1bb526e147fb2c373af0ec8a82bdfc8",greenbar.gif,2978,120

2021-10-20 10:47:15+01:00,"EAC-1476-JIRA EAC-1484-JIRA JUNIT tests and improvement to the code

Change-Id: I71f149fae1bb526e147fb2c373af0ec8a82bdfc8",group.gif,2978,120

2021-10-20 10:47:15+01:00,"EAC-1476-JIRA EAC-1484-JIRA JUNIT tests and improvement to the code

Change-Id: I71f149fae1bb526e147fb2c373af0ec8a82bdfc8",method.gif,2978,120

2021-10-20 10:47:15+01:00,"EAC-1476-JIRA EAC-1484-JIRA JUNIT tests and improvement to the code

Change-Id: I71f149fae1bb526e147fb2c373af0ec8a82bdfc8",package.gif,2978,120

2021-10-20 10:47:15+01:00,"EAC-1476-JIRA EAC-1484-JIRA JUNIT tests and improvement to the code

Change-Id: I71f149fae1bb526e147fb2c373af0ec8a82bdfc8",prettify.css,2978,120

2021-10-20 10:47:15+01:00,"EAC-1476-JIRA EAC-1484-JIRA JUNIT tests and improvement to the code

Change-Id: I71f149fae1bb526e147fb2c373af0ec8a82bdfc8",prettify.js,2978,120

2021-10-20 10:47:15+01:00,"EAC-1476-JIRA EAC-1484-JIRA JUNIT tests and improvement to the code

Change-Id: I71f149fae1bb526e147fb2c373af0ec8a82bdfc8",redbar.gif,2978,120

2021-10-20 10:47:15+01:00,"EAC-1476-JIRA EAC-1484-JIRA JUNIT tests and improvement to the code

Change-Id: I71f149fae1bb526e147fb2c373af0ec8a82bdfc8",report.css,2978,120

2021-10-20 10:47:15+01:00,"EAC-1476-JIRA EAC-1484-JIRA JUNIT tests and improvement to the code

Change-Id: I71f149fae1bb526e147fb2c373af0ec8a82bdfc8",report.gif,2978,120

2021-10-20 10:47:15+01:00,"EAC-1476-JIRA EAC-1484-JIRA JUNIT tests and improvement to the code

Change-Id: I71f149fae1bb526e147fb2c373af0ec8a82bdfc8",session.gif,2978,120

2021-10-20 10:47:15+01:00,"EAC-1476-JIRA EAC-1484-JIRA JUNIT tests and improvement to the code

Change-Id: I71f149fae1bb526e147fb2c373af0ec8a82bdfc8",sort.gif,2978,120

2021-10-20 10:47:15+01:00,"EAC-1476-JIRA EAC-1484-JIRA JUNIT tests and improvement to the code

Change-Id: I71f149fae1bb526e147fb2c373af0ec8a82bdfc8",sort.js,2978,120

2021-10-20 10:47:15+01:00,"EAC-1476-JIRA EAC-1484-JIRA JUNIT tests and improvement to the code

Change-Id: I71f149fae1bb526e147fb2c373af0ec8a82bdfc8",source.gif,2978,120

2021-10-20 10:47:15+01:00,"EAC-1476-JIRA EAC-1484-JIRA JUNIT tests and improvement to the code

Change-Id: I71f149fae1bb526e147fb2c373af0ec8a82bdfc8",up.gif,2978,120

2021-10-20 10:47:15+01:00,"EAC-1476-JIRA EAC-1484-JIRA JUNIT tests and improvement to the code

Change-Id: I71f149fae1bb526e147fb2c373af0ec8a82bdfc8",jacoco-sessions.html,2978,120

2021-10-20 10:47:15+01:00,"EAC-1476-JIRA EAC-1484-JIRA JUNIT tests and improvement to the code

Change-Id: I71f149fae1bb526e147fb2c373af0ec8a82bdfc8",jacoco.csv,2978,120

2021-10-20 10:47:15+01:00,"EAC-1476-JIRA EAC-1484-JIRA JUNIT tests and improvement to the code

Change-Id: I71f149fae1bb526e147fb2c373af0ec8a82bdfc8",jacoco.xml,2978,120

2021-10-20 10:47:15+01:00,"EAC-1476-JIRA EAC-1484-JIRA JUNIT tests and improvement to the code

Change-Id: I71f149fae1bb526e147fb2c373af0ec8a82bdfc8",jacoco.exec,2978,120

2021-10-20 10:47:15+01:00,"EAC-1476-JIRA EAC-1484-JIRA JUNIT tests and improvement to the code

Change-Id: I71f149fae1bb526e147fb2c373af0ec8a82bdfc8",createdFiles.lst,2978,120

2021-10-20 10:47:15+01:00,"EAC-1476-JIRA EAC-1484-JIRA JUNIT tests and improvement to the code

Change-Id: I71f149fae1bb526e147fb2c373af0ec8a82bdfc8",inputFiles.lst,2978,120

2021-10-20 10:47:15+01:00,"EAC-1476-JIRA EAC-1484-JIRA JUNIT tests and improvement to the code

Change-Id: I71f149fae1bb526e147fb2c373af0ec8a82bdfc8",createdFiles.lst,2978,120

2021-10-20 10:47:15+01:00,"EAC-1476-JIRA EAC-1484-JIRA JUNIT tests and improvement to the code

Change-Id: I71f149fae1bb526e147fb2c373af0ec8a82bdfc8",inputFiles.lst,2978,120

2021-10-20 10:47:15+01:00,"EAC-1476-JIRA EAC-1484-JIRA JUNIT tests and improvement to the code

Change-Id: I71f149fae1bb526e147fb2c373af0ec8a82bdfc8",2021-10-20T10-43-02_462-jvmRun1.dump,2978,120

2021-10-20 10:47:15+01:00,"EAC-1476-JIRA EAC-1484-JIRA JUNIT tests and improvement to the code

Change-Id: I71f149fae1bb526e147fb2c373af0ec8a82bdfc8",2021-10-20T10-43-02_462.dumpstream,2978,120

2021-10-20 10:47:15+01:00,"EAC-1476-JIRA EAC-1484-JIRA JUNIT tests and improvement to the code

Change-Id: I71f149fae1bb526e147fb2c373af0ec8a82bdfc8",TEST-com.project.csvconverter.CommitTest.xml,2978,120

2021-10-20 10:47:15+01:00,"EAC-1476-JIRA EAC-1484-JIRA JUNIT tests and improvement to the code

Change-Id: I71f149fae1bb526e147fb2c373af0ec8a82bdfc8",TEST-com.project.csvconverter.CsvConverterTest.xml,2978,120

2021-10-20 10:47:15+01:00,"EAC-1476-JIRA EAC-1484-JIRA JUNIT tests and improvement to the code

Change-Id: I71f149fae1bb526e147fb2c373af0ec8a82bdfc8",TEST-com.project.csvconverter.ConverterApplicationTests.xml,2978,120

2021-10-20 10:47:15+01:00,"EAC-1476-JIRA EAC-1484-JIRA JUNIT tests and improvement to the code

Change-Id: I71f149fae1bb526e147fb2c373af0ec8a82bdfc8",com.project.csvconverter.CommitTest.txt,2978,120

2021-10-20 10:47:15+01:00,"EAC-1476-JIRA EAC-1484-JIRA JUNIT tests and improvement to the code

Change-Id: I71f149fae1bb526e147fb2c373af0ec8a82bdfc8",com.project.csvconverter.CsvConverterTest.txt,2978,120

2021-10-20 10:47:15+01:00,"EAC-1476-JIRA EAC-1484-JIRA JUNIT tests and improvement to the code

Change-Id: I71f149fae1bb526e147fb2c373af0ec8a82bdfc8",com.project.csvconverter.ConverterApplicationTests.txt,2978,120

2021-10-20 10:47:15+01:00,"EAC-1476-JIRA EAC-1484-JIRA JUNIT tests and improvement to the code

Change-Id: I71f149fae1bb526e147fb2c373af0ec8a82bdfc8",CommitRepositoryTest.class,2978,120

2021-10-20 10:47:15+01:00,"EAC-1476-JIRA EAC-1484-JIRA JUNIT tests and improvement to the code

Change-Id: I71f149fae1bb526e147fb2c373af0ec8a82bdfc8",CommitTest.class,2978,120

2021-10-20 10:47:15+01:00,"EAC-1476-JIRA EAC-1484-JIRA JUNIT tests and improvement to the code

Change-Id: I71f149fae1bb526e147fb2c373af0ec8a82bdfc8",CsvConverterTest.class,2978,120

2021-10-20 10:47:15+01:00,"EAC-1476-JIRA EAC-1484-JIRA JUNIT tests and improvement to the code

Change-Id: I71f149fae1bb526e147fb2c373af0ec8a82bdfc8",DemoApplicationTests.class,2978,120

2021-10-20 10:56:46+01:00,"EAC-1469 added unittests and repos

Change-Id: Ie6ddf86be403f9ba9106576e40ae00d03291d809",.gitignore,1104,0

2021-10-20 10:56:46+01:00,"EAC-1469 added unittests and repos

Change-Id: Ie6ddf86be403f9ba9106576e40ae00d03291d809",MavenWrapperDownloader.java,1104,0

2021-10-20 10:56:46+01:00,"EAC-1469 added unittests and repos

Change-Id: Ie6ddf86be403f9ba9106576e40ae00d03291d809",maven-wrapper.jar,1104,0

2021-10-20 10:56:46+01:00,"EAC-1469 added unittests and repos

Change-Id: Ie6ddf86be403f9ba9106576e40ae00d03291d809",maven-wrapper.properties,1104,0

2021-10-20 10:56:46+01:00,"EAC-1469 added unittests and repos

Change-Id: Ie6ddf86be403f9ba9106576e40ae00d03291d809",Dockerfile,1104,0

2021-10-20 10:56:46+01:00,"EAC-1469 added unittests and repos

Change-Id: Ie6ddf86be403f9ba9106576e40ae00d03291d809",mvnw,1104,0

2021-10-20 10:56:46+01:00,"EAC-1469 added unittests and repos

Change-Id: Ie6ddf86be403f9ba9106576e40ae00d03291d809",mvnw.cmd,1104,0

2021-10-20 10:56:46+01:00,"EAC-1469 added unittests and repos

Change-Id: Ie6ddf86be403f9ba9106576e40ae00d03291d809",pom.xml,1104,0

2021-10-20 10:56:46+01:00,"EAC-1469 added unittests and repos

Change-Id: Ie6ddf86be403f9ba9106576e40ae00d03291d809",Commit.java,1104,0

2021-10-20 10:56:46+01:00,"EAC-1469 added unittests and repos

Change-Id: Ie6ddf86be403f9ba9106576e40ae00d03291d809",CommitRepository.java,1104,0

2021-10-20 10:56:46+01:00,"EAC-1469 added unittests and repos

Change-Id: Ie6ddf86be403f9ba9106576e40ae00d03291d809",CommitRepositoryImpl.java,1104,0

2021-10-20 10:56:46+01:00,"EAC-1469 added unittests and repos

Change-Id: Ie6ddf86be403f9ba9106576e40ae00d03291d809",Contributor.java,1104,0

2021-10-20 10:56:46+01:00,"EAC-1469 added unittests and repos

Change-Id: Ie6ddf86be403f9ba9106576e40ae00d03291d809",ContributorRepository.java,1104,0

2021-10-20 10:56:46+01:00,"EAC-1469 added unittests and repos

Change-Id: Ie6ddf86be403f9ba9106576e40ae00d03291d809",ContributorRepositoryImpl.java,1104,0

2021-10-20 10:56:46+01:00,"EAC-1469 added unittests and repos

Change-Id: Ie6ddf86be403f9ba9106576e40ae00d03291d809",DatabaseReader.java,1104,0

2021-10-20 10:56:46+01:00,"EAC-1469 added unittests and repos

Change-Id: Ie6ddf86be403f9ba9106576e40ae00d03291d809",DatabaseReaderController.java,1104,0

2021-10-20 10:56:46+01:00,"EAC-1469 added unittests and repos

Change-Id: Ie6ddf86be403f9ba9106576e40ae00d03291d809",DatabasereaderApplication.java,1104,0

2021-10-20 10:56:46+01:00,"EAC-1469 added unittests and repos

Change-Id: Ie6ddf86be403f9ba9106576e40ae00d03291d809",application.properties,1104,0

2021-10-20 10:56:46+01:00,"EAC-1469 added unittests and repos

Change-Id: Ie6ddf86be403f9ba9106576e40ae00d03291d809",CommitRepoTests.java,1104,0

2021-10-20 10:56:46+01:00,"EAC-1469 added unittests and repos

Change-Id: Ie6ddf86be403f9ba9106576e40ae00d03291d809",CommitTests.java,1104,0

2021-10-20 10:56:46+01:00,"EAC-1469 added unittests and repos

Change-Id: Ie6ddf86be403f9ba9106576e40ae00d03291d809",DatabasereaderApplicationTests.java,1104,0

2021-10-20 11:28:58+01:00,"EAC-1469-JIRA Skeleton MVC

Change-Id: I194b54b154bc0e06008901cb07dcd369acaa6fb2",.gitignore,945,0

2021-10-20 11:28:58+01:00,"EAC-1469-JIRA Skeleton MVC

Change-Id: I194b54b154bc0e06008901cb07dcd369acaa6fb2",MavenWrapperDownloader.java,945,0

2021-10-20 11:28:58+01:00,"EAC-1469-JIRA Skeleton MVC

Change-Id: I194b54b154bc0e06008901cb07dcd369acaa6fb2",maven-wrapper.jar,945,0

2021-10-20 11:28:58+01:00,"EAC-1469-JIRA Skeleton MVC

Change-Id: I194b54b154bc0e06008901cb07dcd369acaa6fb2",maven-wrapper.properties,945,0

2021-10-20 11:28:58+01:00,"EAC-1469-JIRA Skeleton MVC

Change-Id: I194b54b154bc0e06008901cb07dcd369acaa6fb2",mvnw,945,0

2021-10-20 11:28:58+01:00,"EAC-1469-JIRA Skeleton MVC

Change-Id: I194b54b154bc0e06008901cb07dcd369acaa6fb2",mvnw.cmd,945,0

2021-10-20 11:28:58+01:00,"EAC-1469-JIRA Skeleton MVC

Change-Id: I194b54b154bc0e06008901cb07dcd369acaa6fb2",pom.xml,945,0

2021-10-20 11:28:58+01:00,"EAC-1469-JIRA Skeleton MVC

Change-Id: I194b54b154bc0e06008901cb07dcd369acaa6fb2",Application.java,945,0

2021-10-20 11:28:58+01:00,"EAC-1469-JIRA Skeleton MVC

Change-Id: I194b54b154bc0e06008901cb07dcd369acaa6fb2",Commit.java,945,0

2021-10-20 11:28:58+01:00,"EAC-1469-JIRA Skeleton MVC

Change-Id: I194b54b154bc0e06008901cb07dcd369acaa6fb2",CommitController.java,945,0

2021-10-20 11:28:58+01:00,"EAC-1469-JIRA Skeleton MVC

Change-Id: I194b54b154bc0e06008901cb07dcd369acaa6fb2",CommitRepository.java,945,0

2021-10-20 11:28:58+01:00,"EAC-1469-JIRA Skeleton MVC

Change-Id: I194b54b154bc0e06008901cb07dcd369acaa6fb2",CommitRepositoryImpl.java,945,0

2021-10-20 11:28:58+01:00,"EAC-1469-JIRA Skeleton MVC

Change-Id: I194b54b154bc0e06008901cb07dcd369acaa6fb2",application.properties,945,0

2021-10-20 11:28:58+01:00,"EAC-1469-JIRA Skeleton MVC

Change-Id: I194b54b154bc0e06008901cb07dcd369acaa6fb2",index.html,945,0

2021-10-20 11:28:58+01:00,"EAC-1469-JIRA Skeleton MVC

Change-Id: I194b54b154bc0e06008901cb07dcd369acaa6fb2",GitRepoAApplicationTests.java,945,0

2021-10-20 11:36:00+01:00,"EAC-1459-JIRA User interface template

Change-Id: I3e2989e45647a77a908bb5da736db1cbb17e84ed",pom.xml,34,0

2021-10-20 11:36:00+01:00,"EAC-1459-JIRA User interface template

Change-Id: I3e2989e45647a77a908bb5da736db1cbb17e84ed",index.html,34,0

2021-10-20 12:28:17+01:00,"EAC-1468-JIRA Python file for git analysis

Change-Id: Id2cdb0646d6f40e8753cff5c303c76fcede43178",pydrex.py,31,0

2021-10-20 13:56:18+01:00,"EAC-1499-JIRA enhance user interface

Change-Id: Ie79c0eb0eae48532e4b0b8cfeacf6043573a8e7f",index.html,22,18

2021-10-20 14:12:50+01:00,"EAC-1501-JIRA runnable

Change-Id: I81723ae12b4b7e4ad79f4affcfbb2c07b539572a",.gitignore,311,161

2021-10-20 14:12:50+01:00,"EAC-1501-JIRA runnable

Change-Id: I81723ae12b4b7e4ad79f4affcfbb2c07b539572a",javacode.iml,311,161

2021-10-20 14:12:50+01:00,"EAC-1501-JIRA runnable

Change-Id: I81723ae12b4b7e4ad79f4affcfbb2c07b539572a",CommitRepositoryImpl.java,311,161

2021-10-20 14:12:50+01:00,"EAC-1501-JIRA runnable

Change-Id: I81723ae12b4b7e4ad79f4affcfbb2c07b539572a",CsvConverter.java,311,161

2021-10-20 14:12:50+01:00,"EAC-1501-JIRA runnable

Change-Id: I81723ae12b4b7e4ad79f4affcfbb2c07b539572a",DemoApplication.java,311,161

2021-10-20 14:12:50+01:00,"EAC-1501-JIRA runnable

Change-Id: I81723ae12b4b7e4ad79f4affcfbb2c07b539572a",CsvConverterTest.java,311,161

2021-10-20 14:12:50+01:00,"EAC-1501-JIRA runnable

Change-Id: I81723ae12b4b7e4ad79f4affcfbb2c07b539572a",CommitRepositoryImpl.class,311,161

2021-10-20 14:12:50+01:00,"EAC-1501-JIRA runnable

Change-Id: I81723ae12b4b7e4ad79f4affcfbb2c07b539572a",CsvConverter.class,311,161

2021-10-20 14:12:50+01:00,"EAC-1501-JIRA runnable

Change-Id: I81723ae12b4b7e4ad79f4affcfbb2c07b539572a",DemoApplication.class,311,161

2021-10-20 14:12:50+01:00,"EAC-1501-JIRA runnable

Change-Id: I81723ae12b4b7e4ad79f4affcfbb2c07b539572a",index.html,311,161

2021-10-20 14:12:50+01:00,"EAC-1501-JIRA runnable

Change-Id: I81723ae12b4b7e4ad79f4affcfbb2c07b539572a",CommitRepositoryImpl.html,311,161

2021-10-20 14:12:50+01:00,"EAC-1501-JIRA runnable

Change-Id: I81723ae12b4b7e4ad79f4affcfbb2c07b539572a",CommitRepositoryImpl.java.html,311,161

2021-10-20 14:12:50+01:00,"EAC-1501-JIRA runnable

Change-Id: I81723ae12b4b7e4ad79f4affcfbb2c07b539572a",CsvConverter.html,311,161

2021-10-20 14:12:50+01:00,"EAC-1501-JIRA runnable

Change-Id: I81723ae12b4b7e4ad79f4affcfbb2c07b539572a",CsvConverter.java.html,311,161

2021-10-20 14:12:50+01:00,"EAC-1501-JIRA runnable

Change-Id: I81723ae12b4b7e4ad79f4affcfbb2c07b539572a",DemoApplication.html,311,161

2021-10-20 14:12:50+01:00,"EAC-1501-JIRA runnable

Change-Id: I81723ae12b4b7e4ad79f4affcfbb2c07b539572a",DemoApplication.java.html,311,161

2021-10-20 14:12:50+01:00,"EAC-1501-JIRA runnable

Change-Id: I81723ae12b4b7e4ad79f4affcfbb2c07b539572a",index.html,311,161

2021-10-20 14:12:50+01:00,"EAC-1501-JIRA runnable

Change-Id: I81723ae12b4b7e4ad79f4affcfbb2c07b539572a",index.source.html,311,161

2021-10-20 14:12:50+01:00,"EAC-1501-JIRA runnable

Change-Id: I81723ae12b4b7e4ad79f4affcfbb2c07b539572a",index.html,311,161

2021-10-20 14:12:50+01:00,"EAC-1501-JIRA runnable

Change-Id: I81723ae12b4b7e4ad79f4affcfbb2c07b539572a",jacoco-sessions.html,311,161

2021-10-20 14:12:50+01:00,"EAC-1501-JIRA runnable

Change-Id: I81723ae12b4b7e4ad79f4affcfbb2c07b539572a",jacoco.csv,311,161

2021-10-20 14:12:50+01:00,"EAC-1501-JIRA runnable

Change-Id: I81723ae12b4b7e4ad79f4affcfbb2c07b539572a",jacoco.xml,311,161

2021-10-20 14:12:50+01:00,"EAC-1501-JIRA runnable

Change-Id: I81723ae12b4b7e4ad79f4affcfbb2c07b539572a",jacoco.exec,311,161

2021-10-20 14:12:50+01:00,"EAC-1501-JIRA runnable

Change-Id: I81723ae12b4b7e4ad79f4affcfbb2c07b539572a",2021-10-20T10-43-02_462-jvmRun1.dump,311,161

2021-10-20 14:12:50+01:00,"EAC-1501-JIRA runnable

Change-Id: I81723ae12b4b7e4ad79f4affcfbb2c07b539572a",2021-10-20T14-00-16_046.dumpstream,311,161

2021-10-20 14:12:50+01:00,"EAC-1501-JIRA runnable

Change-Id: I81723ae12b4b7e4ad79f4affcfbb2c07b539572a",TEST-com.project.csvconverter.CommitTest.xml,311,161

2021-10-20 14:12:50+01:00,"EAC-1501-JIRA runnable

Change-Id: I81723ae12b4b7e4ad79f4affcfbb2c07b539572a",TEST-com.project.csvconverter.CsvConverterTest.xml,311,161

2021-10-20 14:12:50+01:00,"EAC-1501-JIRA runnable

Change-Id: I81723ae12b4b7e4ad79f4affcfbb2c07b539572a",TEST-com.project.csvconverter.ConverterApplicationTests.xml,311,161

2021-10-20 14:12:50+01:00,"EAC-1501-JIRA runnable

Change-Id: I81723ae12b4b7e4ad79f4affcfbb2c07b539572a",com.project.csvconverter.CommitTest.txt,311,161

2021-10-20 14:12:50+01:00,"EAC-1501-JIRA runnable

Change-Id: I81723ae12b4b7e4ad79f4affcfbb2c07b539572a",com.project.csvconverter.CsvConverterTest.txt,311,161

2021-10-20 14:12:50+01:00,"EAC-1501-JIRA runnable

Change-Id: I81723ae12b4b7e4ad79f4affcfbb2c07b539572a",com.project.csvconverter.ConverterApplicationTests.txt,311,161

2021-10-20 14:12:50+01:00,"EAC-1501-JIRA runnable

Change-Id: I81723ae12b4b7e4ad79f4affcfbb2c07b539572a",CsvConverterTest.class,311,161

2021-10-20 16:19:26+01:00,"EAC-1502-JIRA refactor converter

Change-Id: I33bdb54fabf52fed8d78896c887ec4142b51389c",Commit.java,161,401

2021-10-20 16:19:26+01:00,"EAC-1502-JIRA refactor converter

Change-Id: I33bdb54fabf52fed8d78896c887ec4142b51389c",CommitRepository.java,161,401

2021-10-20 16:19:26+01:00,"EAC-1502-JIRA refactor converter

Change-Id: I33bdb54fabf52fed8d78896c887ec4142b51389c",CommitRepositoryImpl.java,161,401

2021-10-20 16:19:26+01:00,"EAC-1502-JIRA refactor converter

Change-Id: I33bdb54fabf52fed8d78896c887ec4142b51389c",CsvConverter.java,161,401

2021-10-20 16:19:26+01:00,"EAC-1502-JIRA refactor converter

Change-Id: I33bdb54fabf52fed8d78896c887ec4142b51389c",CommitRepositoryTest.java,161,401

2021-10-20 16:19:26+01:00,"EAC-1502-JIRA refactor converter

Change-Id: I33bdb54fabf52fed8d78896c887ec4142b51389c",CommitTest.java,161,401

2021-10-20 16:19:26+01:00,"EAC-1502-JIRA refactor converter

Change-Id: I33bdb54fabf52fed8d78896c887ec4142b51389c",CsvConverterTest.java,161,401

2021-10-20 16:19:26+01:00,"EAC-1502-JIRA refactor converter

Change-Id: I33bdb54fabf52fed8d78896c887ec4142b51389c",Commit.class,161,401

2021-10-20 16:19:26+01:00,"EAC-1502-JIRA refactor converter

Change-Id: I33bdb54fabf52fed8d78896c887ec4142b51389c",CommitRepository.class,161,401

2021-10-20 16:19:26+01:00,"EAC-1502-JIRA refactor converter

Change-Id: I33bdb54fabf52fed8d78896c887ec4142b51389c",CommitRepositoryImpl.class,161,401

2021-10-20 16:19:26+01:00,"EAC-1502-JIRA refactor converter

Change-Id: I33bdb54fabf52fed8d78896c887ec4142b51389c",CsvConverter.class,161,401

2021-10-20 16:19:26+01:00,"EAC-1502-JIRA refactor converter

Change-Id: I33bdb54fabf52fed8d78896c887ec4142b51389c",Commit.html,161,401

2021-10-20 16:19:26+01:00,"EAC-1502-JIRA refactor converter

Change-Id: I33bdb54fabf52fed8d78896c887ec4142b51389c",Commit.java.html,161,401

2021-10-20 16:19:26+01:00,"EAC-1502-JIRA refactor converter

Change-Id: I33bdb54fabf52fed8d78896c887ec4142b51389c",CommitRepositoryImpl.html,161,401

2021-10-20 16:19:26+01:00,"EAC-1502-JIRA refactor converter

Change-Id: I33bdb54fabf52fed8d78896c887ec4142b51389c",CommitRepositoryImpl.java.html,161,401

2021-10-20 16:19:26+01:00,"EAC-1502-JIRA refactor converter

Change-Id: I33bdb54fabf52fed8d78896c887ec4142b51389c",CsvConverter.html,161,401

2021-10-20 16:19:26+01:00,"EAC-1502-JIRA refactor converter

Change-Id: I33bdb54fabf52fed8d78896c887ec4142b51389c",CsvConverter.java.html,161,401

2021-10-20 16:19:26+01:00,"EAC-1502-JIRA refactor converter

Change-Id: I33bdb54fabf52fed8d78896c887ec4142b51389c",index.html,161,401

2021-10-20 16:19:26+01:00,"EAC-1502-JIRA refactor converter

Change-Id: I33bdb54fabf52fed8d78896c887ec4142b51389c",index.source.html,161,401

2021-10-20 16:19:26+01:00,"EAC-1502-JIRA refactor converter

Change-Id: I33bdb54fabf52fed8d78896c887ec4142b51389c",index.html,161,401

2021-10-20 16:19:26+01:00,"EAC-1502-JIRA refactor converter

Change-Id: I33bdb54fabf52fed8d78896c887ec4142b51389c",jacoco-sessions.html,161,401

2021-10-20 16:19:26+01:00,"EAC-1502-JIRA refactor converter

Change-Id: I33bdb54fabf52fed8d78896c887ec4142b51389c",jacoco.csv,161,401

2021-10-20 16:19:26+01:00,"EAC-1502-JIRA refactor converter

Change-Id: I33bdb54fabf52fed8d78896c887ec4142b51389c",jacoco.xml,161,401

2021-10-20 16:19:26+01:00,"EAC-1502-JIRA refactor converter

Change-Id: I33bdb54fabf52fed8d78896c887ec4142b51389c",jacoco.exec,161,401

2021-10-20 16:19:26+01:00,"EAC-1502-JIRA refactor converter

Change-Id: I33bdb54fabf52fed8d78896c887ec4142b51389c",2021-10-20T14-00-16_046.dumpstream,161,401

2021-10-20 16:19:26+01:00,"EAC-1502-JIRA refactor converter

Change-Id: I33bdb54fabf52fed8d78896c887ec4142b51389c",TEST-com.project.csvconverter.CommitTest.xml,161,401

2021-10-20 16:19:26+01:00,"EAC-1502-JIRA refactor converter

Change-Id: I33bdb54fabf52fed8d78896c887ec4142b51389c",TEST-com.project.csvconverter.CsvConverterTest.xml,161,401

2021-10-20 16:19:26+01:00,"EAC-1502-JIRA refactor converter

Change-Id: I33bdb54fabf52fed8d78896c887ec4142b51389c",TEST-com.project.csvconverter.ConverterApplicationTests.xml,161,401

2021-10-20 16:19:26+01:00,"EAC-1502-JIRA refactor converter

Change-Id: I33bdb54fabf52fed8d78896c887ec4142b51389c",com.project.csvconverter.CommitTest.txt,161,401

2021-10-20 16:19:26+01:00,"EAC-1502-JIRA refactor converter

Change-Id: I33bdb54fabf52fed8d78896c887ec4142b51389c",com.project.csvconverter.CsvConverterTest.txt,161,401

2021-10-20 16:19:26+01:00,"EAC-1502-JIRA refactor converter

Change-Id: I33bdb54fabf52fed8d78896c887ec4142b51389c",com.project.csvconverter.ConverterApplicationTests.txt,161,401

2021-10-20 16:19:26+01:00,"EAC-1502-JIRA refactor converter

Change-Id: I33bdb54fabf52fed8d78896c887ec4142b51389c",CommitRepositoryTest.class,161,401

2021-10-20 16:19:26+01:00,"EAC-1502-JIRA refactor converter

Change-Id: I33bdb54fabf52fed8d78896c887ec4142b51389c",CommitTest.class,161,401

2021-10-20 16:19:26+01:00,"EAC-1502-JIRA refactor converter

Change-Id: I33bdb54fabf52fed8d78896c887ec4142b51389c",CsvConverterTest.class,161,401

2021-10-20 16:19:26+01:00,"EAC-1502-JIRA refactor converter

Change-Id: I33bdb54fabf52fed8d78896c887ec4142b51389c",test.csv,161,401

2021-10-21 11:53:35+01:00,"EAC-1469 JIRA database and rest api added

Change-Id: I9894061dd6537df199cfd0dec9d0fca2fef12981",docker-compose.yml,199,213

2021-10-21 11:53:35+01:00,"EAC-1469 JIRA database and rest api added

Change-Id: I9894061dd6537df199cfd0dec9d0fca2fef12981",pom.xml,199,213

2021-10-21 11:53:35+01:00,"EAC-1469 JIRA database and rest api added

Change-Id: I9894061dd6537df199cfd0dec9d0fca2fef12981",Commit.java,199,213

2021-10-21 11:53:35+01:00,"EAC-1469 JIRA database and rest api added

Change-Id: I9894061dd6537df199cfd0dec9d0fca2fef12981",CommitRepository.java,199,213

2021-10-21 11:53:35+01:00,"EAC-1469 JIRA database and rest api added

Change-Id: I9894061dd6537df199cfd0dec9d0fca2fef12981",CommitRepositoryImpl.java,199,213

2021-10-21 11:53:35+01:00,"EAC-1469 JIRA database and rest api added

Change-Id: I9894061dd6537df199cfd0dec9d0fca2fef12981",CommitService.java,199,213

2021-10-21 11:53:35+01:00,"EAC-1469 JIRA database and rest api added

Change-Id: I9894061dd6537df199cfd0dec9d0fca2fef12981",Contributor.java,199,213

2021-10-21 11:53:35+01:00,"EAC-1469 JIRA database and rest api added

Change-Id: I9894061dd6537df199cfd0dec9d0fca2fef12981",ContributorRepository.java,199,213

2021-10-21 11:53:35+01:00,"EAC-1469 JIRA database and rest api added

Change-Id: I9894061dd6537df199cfd0dec9d0fca2fef12981",ContributorRepositoryImpl.java,199,213

2021-10-21 11:53:35+01:00,"EAC-1469 JIRA database and rest api added

Change-Id: I9894061dd6537df199cfd0dec9d0fca2fef12981",DatabaseReader.java,199,213

2021-10-21 11:53:35+01:00,"EAC-1469 JIRA database and rest api added

Change-Id: I9894061dd6537df199cfd0dec9d0fca2fef12981",DatabaseReaderController.java,199,213

2021-10-21 11:53:35+01:00,"EAC-1469 JIRA database and rest api added

Change-Id: I9894061dd6537df199cfd0dec9d0fca2fef12981",application.properties,199,213

2021-10-21 11:53:35+01:00,"EAC-1469 JIRA database and rest api added

Change-Id: I9894061dd6537df199cfd0dec9d0fca2fef12981",CommitRepoTests.java,199,213

2021-10-21 11:53:35+01:00,"EAC-1469 JIRA database and rest api added

Change-Id: I9894061dd6537df199cfd0dec9d0fca2fef12981",DatabasereaderApplicationTests.java,199,213

2021-10-21 11:53:35+01:00,"EAC-1469 JIRA database and rest api added

Change-Id: I9894061dd6537df199cfd0dec9d0fca2fef12981",ConverterController.java,199,213

2021-10-21 12:01:48+01:00,"EAC-1511-JIRA Adapting converter to rest API

Change-Id: Ia4dd5e2a9e0bc3965bfd7d579c53d5a8f255da63",CsvConverter.java,5,10

2021-10-21 12:01:48+01:00,"EAC-1511-JIRA Adapting converter to rest API

Change-Id: Ia4dd5e2a9e0bc3965bfd7d579c53d5a8f255da63",CsvConverter.class,5,10

2021-10-21 12:05:04+01:00,"NO-JIRA Delete unused file

Change-Id: I4f0c58d40a1a63d78c8352e3c4ecbe3162ef7573",ConverterController.java,0,2

2021-10-21 12:07:56+01:00,"EAC-1499-JIRA changed mvc for rest communication

Change-Id: I02ad19331fbb3c5f8889ded15b221b580079a37a",Dockerfile,116,54

2021-10-21 12:07:56+01:00,"EAC-1499-JIRA changed mvc for rest communication

Change-Id: I02ad19331fbb3c5f8889ded15b221b580079a37a",pom.xml,116,54

2021-10-21 12:07:56+01:00,"EAC-1499-JIRA changed mvc for rest communication

Change-Id: I02ad19331fbb3c5f8889ded15b221b580079a37a",Application.java,116,54

2021-10-21 12:07:56+01:00,"EAC-1499-JIRA changed mvc for rest communication

Change-Id: I02ad19331fbb3c5f8889ded15b221b580079a37a",Commit.java,116,54

2021-10-21 12:07:56+01:00,"EAC-1499-JIRA changed mvc for rest communication

Change-Id: I02ad19331fbb3c5f8889ded15b221b580079a37a",CommitController.java,116,54

2021-10-21 12:07:56+01:00,"EAC-1499-JIRA changed mvc for rest communication

Change-Id: I02ad19331fbb3c5f8889ded15b221b580079a37a",CommitRepository.java,116,54

2021-10-21 12:07:56+01:00,"EAC-1499-JIRA changed mvc for rest communication

Change-Id: I02ad19331fbb3c5f8889ded15b221b580079a37a",CommitRepositoryImpl.java,116,54

2021-10-21 12:07:56+01:00,"EAC-1499-JIRA changed mvc for rest communication

Change-Id: I02ad19331fbb3c5f8889ded15b221b580079a37a",index.html,116,54

2021-10-21 12:07:56+01:00,"EAC-1499-JIRA changed mvc for rest communication

Change-Id: I02ad19331fbb3c5f8889ded15b221b580079a37a",GitRepoAApplicationTests.java,116,54

2021-10-21 14:06:42+01:00,"EAC-1510-JIRA Pydriller updation

Change-Id: Ib7b00415a0e2cd6b82fe8cca8e4a9b3e52cf3f92",.gitignore,25,0

2021-10-21 14:06:42+01:00,"EAC-1510-JIRA Pydriller updation

Change-Id: Ib7b00415a0e2cd6b82fe8cca8e4a9b3e52cf3f92",pydriller1.py,25,0

2021-10-21 14:32:40+01:00,"NO-JIRA pydriller modified

Change-Id: Ibde06331222ca9890e2046f20b020c1e2060bdc3",.gitignore,20,93

2021-10-21 14:32:40+01:00,"NO-JIRA pydriller modified

Change-Id: Ibde06331222ca9890e2046f20b020c1e2060bdc3",info.csv,20,93

2021-10-21 14:32:40+01:00,"NO-JIRA pydriller modified

Change-Id: Ibde06331222ca9890e2046f20b020c1e2060bdc3",pydriller1.py,20,93

